task_id,table,dataset,horizon,model,seed,seq_len,status,mse,mae,paper_mse,paper_mae,delta_mse,delta_mae,final_batch_size,metric_space,parameters,train_time_s_per_batch,inference_time_s_per_batch,max_gpu_memory_mb,train_gpu_memory_mb,inference_gpu_memory_mb,macs,command_hash,requested_command_hash,config_hash,requested_config_hash,result_file,note
table2_baselines_ETTh1_H96_DLinear_lite_omitted,table2_baselines,ETTh1,96,DLinear,,,omitted-lite,,,,,,,,,,,,,,,,,,,,,Full baseline matrix omitted from lite-paper scope; run full-paper for this row.
table2_baselines_ETTh1_H96_PatchMLP_lite_omitted,table2_baselines,ETTh1,96,PatchMLP,,,omitted-lite,,,,,,,,,,,,,,,,,,,,,Full baseline matrix omitted from lite-paper scope; run full-paper for this row.
table2_baselines_ETTh1_H96_TimeMixer_lite_omitted,table2_baselines,ETTh1,96,TimeMixer,,,omitted-lite,,,,,,,,,,,,,,,,,,,,,Full baseline matrix omitted from lite-paper scope; run full-paper for this row.
table2_baselines_ETTh1_H96_TimesNet_lite_omitted,table2_baselines,ETTh1,96,TimesNet,,,omitted-lite,,,,,,,,,,,,,,,,,,,,,Full baseline matrix omitted from lite-paper scope; run full-paper for this row.
table2_baselines_ETTh1_H96_xPatch_lite_omitted,table2_baselines,ETTh1,96,xPatch,,,omitted-lite,,,,,,,,,,,,,,,,,,,,,Full baseline matrix omitted from lite-paper scope; run full-paper for this row.
table2_baselines_ETTh1_H192_DLinear_lite_omitted,table2_baselines,ETTh1,192,DLinear,,,omitted-lite,,,,,,,,,,,,,,,,,,,,,Full baseline matrix omitted from lite-paper scope; run full-paper for this row.
table2_baselines_ETTh1_H192_PatchMLP_lite_omitted,table2_baselines,ETTh1,192,PatchMLP,,,omitted-lite,,,,,,,,,,,,,,,,,,,,,Full baseline matrix omitted from lite-paper scope; run full-paper for this row.
table2_baselines_ETTh1_H192_TimeMixer_lite_omitted,table2_baselines,ETTh1,192,TimeMixer,,,omitted-lite,,,,,,,,,,,,,,,,,,,,,Full baseline matrix omitted from lite-paper scope; run full-paper for this row.
table2_baselines_ETTh1_H192_TimesNet_lite_omitted,table2_baselines,ETTh1,192,TimesNet,,,omitted-lite,,,,,,,,,,,,,,,,,,,,,Full baseline matrix omitted from lite-paper scope; run full-paper for this row.
table2_baselines_ETTh1_H192_xPatch_lite_omitted,table2_baselines,ETTh1,192,xPatch,,,omitted-lite,,,,,,,,,,,,,,,,,,,,,Full baseline matrix omitted from lite-paper scope; run full-paper for this row.
table2_baselines_ETTh1_H336_DLinear_lite_omitted,table2_baselines,ETTh1,336,DLinear,,,omitted-lite,,,,,,,,,,,,,,,,,,,,,Full baseline matrix omitted from lite-paper scope; run full-paper for this row.
table2_baselines_ETTh1_H336_PatchMLP_lite_omitted,table2_baselines,ETTh1,336,PatchMLP,,,omitted-lite,,,,,,,,,,,,,,,,,,,,,Full baseline matrix omitted from lite-paper scope; run full-paper for this row.
table2_baselines_ETTh1_H336_TimeMixer_lite_omitted,table2_baselines,ETTh1,336,TimeMixer,,,omitted-lite,,,,,,,,,,,,,,,,,,,,,Full baseline matrix omitted from lite-paper scope; run full-paper for this row.
table2_baselines_ETTh1_H336_TimesNet_lite_omitted,table2_baselines,ETTh1,336,TimesNet,,,omitted-lite,,,,,,,,,,,,,,,,,,,,,Full baseline matrix omitted from lite-paper scope; run full-paper for this row.
table2_baselines_ETTh1_H336_xPatch_lite_omitted,table2_baselines,ETTh1,336,xPatch,,,omitted-lite,,,,,,,,,,,,,,,,,,,,,Full baseline matrix omitted from lite-paper scope; run full-paper for this row.
table2_baselines_ETTh1_H720_DLinear_lite_omitted,table2_baselines,ETTh1,720,DLinear,,,omitted-lite,,,,,,,,,,,,,,,,,,,,,Full baseline matrix omitted from lite-paper scope; run full-paper for this row.
table2_baselines_ETTh1_H720_PatchMLP_lite_omitted,table2_baselines,ETTh1,720,PatchMLP,,,omitted-lite,,,,,,,,,,,,,,,,,,,,,Full baseline matrix omitted from lite-paper scope; run full-paper for this row.
table2_baselines_ETTh1_H720_TimeMixer_lite_omitted,table2_baselines,ETTh1,720,TimeMixer,,,omitted-lite,,,,,,,,,,,,,,,,,,,,,Full baseline matrix omitted from lite-paper scope; run full-paper for this row.
table2_baselines_ETTh1_H720_TimesNet_lite_omitted,table2_baselines,ETTh1,720,TimesNet,,,omitted-lite,,,,,,,,,,,,,,,,,,,,,Full baseline matrix omitted from lite-paper scope; run full-paper for this row.
table2_baselines_ETTh1_H720_xPatch_lite_omitted,table2_baselines,ETTh1,720,xPatch,,,omitted-lite,,,,,,,,,,,,,,,,,,,,,Full baseline matrix omitted from lite-paper scope; run full-paper for this row.
table2_baselines_ETTh2_H96_DLinear_lite_omitted,table2_baselines,ETTh2,96,DLinear,,,omitted-lite,,,,,,,,,,,,,,,,,,,,,Full baseline matrix omitted from lite-paper scope; run full-paper for this row.
table2_baselines_ETTh2_H96_PatchMLP_lite_omitted,table2_baselines,ETTh2,96,PatchMLP,,,omitted-lite,,,,,,,,,,,,,,,,,,,,,Full baseline matrix omitted from lite-paper scope; run full-paper for this row.
table2_baselines_ETTh2_H96_TimeMixer_lite_omitted,table2_baselines,ETTh2,96,TimeMixer,,,omitted-lite,,,,,,,,,,,,,,,,,,,,,Full baseline matrix omitted from lite-paper scope; run full-paper for this row.
table2_baselines_ETTh2_H96_TimesNet_lite_omitted,table2_baselines,ETTh2,96,TimesNet,,,omitted-lite,,,,,,,,,,,,,,,,,,,,,Full baseline matrix omitted from lite-paper scope; run full-paper for this row.
table2_baselines_ETTh2_H96_xPatch_lite_omitted,table2_baselines,ETTh2,96,xPatch,,,omitted-lite,,,,,,,,,,,,,,,,,,,,,Full baseline matrix omitted from lite-paper scope; run full-paper for this row.
table2_baselines_ETTh2_H192_DLinear_lite_omitted,table2_baselines,ETTh2,192,DLinear,,,omitted-lite,,,,,,,,,,,,,,,,,,,,,Full baseline matrix omitted from lite-paper scope; run full-paper for this row.
table2_baselines_ETTh2_H192_PatchMLP_lite_omitted,table2_baselines,ETTh2,192,PatchMLP,,,omitted-lite,,,,,,,,,,,,,,,,,,,,,Full baseline matrix omitted from lite-paper scope; run full-paper for this row.
table2_baselines_ETTh2_H192_TimeMixer_lite_omitted,table2_baselines,ETTh2,192,TimeMixer,,,omitted-lite,,,,,,,,,,,,,,,,,,,,,Full baseline matrix omitted from lite-paper scope; run full-paper for this row.
table2_baselines_ETTh2_H192_TimesNet_lite_omitted,table2_baselines,ETTh2,192,TimesNet,,,omitted-lite,,,,,,,,,,,,,,,,,,,,,Full baseline matrix omitted from lite-paper scope; run full-paper for this row.
table2_baselines_ETTh2_H192_xPatch_lite_omitted,table2_baselines,ETTh2,192,xPatch,,,omitted-lite,,,,,,,,,,,,,,,,,,,,,Full baseline matrix omitted from lite-paper scope; run full-paper for this row.
table2_baselines_ETTh2_H336_DLinear_lite_omitted,table2_baselines,ETTh2,336,DLinear,,,omitted-lite,,,,,,,,,,,,,,,,,,,,,Full baseline matrix omitted from lite-paper scope; run full-paper for this row.
table2_baselines_ETTh2_H336_PatchMLP_lite_omitted,table2_baselines,ETTh2,336,PatchMLP,,,omitted-lite,,,,,,,,,,,,,,,,,,,,,Full baseline matrix omitted from lite-paper scope; run full-paper for this row.
table2_baselines_ETTh2_H336_TimeMixer_lite_omitted,table2_baselines,ETTh2,336,TimeMixer,,,omitted-lite,,,,,,,,,,,,,,,,,,,,,Full baseline matrix omitted from lite-paper scope; run full-paper for this row.
table2_baselines_ETTh2_H336_TimesNet_lite_omitted,table2_baselines,ETTh2,336,TimesNet,,,omitted-lite,,,,,,,,,,,,,,,,,,,,,Full baseline matrix omitted from lite-paper scope; run full-paper for this row.
table2_baselines_ETTh2_H336_xPatch_lite_omitted,table2_baselines,ETTh2,336,xPatch,,,omitted-lite,,,,,,,,,,,,,,,,,,,,,Full baseline matrix omitted from lite-paper scope; run full-paper for this row.
table2_baselines_ETTh2_H720_DLinear_lite_omitted,table2_baselines,ETTh2,720,DLinear,,,omitted-lite,,,,,,,,,,,,,,,,,,,,,Full baseline matrix omitted from lite-paper scope; run full-paper for this row.
table2_baselines_ETTh2_H720_PatchMLP_lite_omitted,table2_baselines,ETTh2,720,PatchMLP,,,omitted-lite,,,,,,,,,,,,,,,,,,,,,Full baseline matrix omitted from lite-paper scope; run full-paper for this row.
table2_baselines_ETTh2_H720_TimeMixer_lite_omitted,table2_baselines,ETTh2,720,TimeMixer,,,omitted-lite,,,,,,,,,,,,,,,,,,,,,Full baseline matrix omitted from lite-paper scope; run full-paper for this row.
table2_baselines_ETTh2_H720_TimesNet_lite_omitted,table2_baselines,ETTh2,720,TimesNet,,,omitted-lite,,,,,,,,,,,,,,,,,,,,,Full baseline matrix omitted from lite-paper scope; run full-paper for this row.
table2_baselines_ETTh2_H720_xPatch_lite_omitted,table2_baselines,ETTh2,720,xPatch,,,omitted-lite,,,,,,,,,,,,,,,,,,,,,Full baseline matrix omitted from lite-paper scope; run full-paper for this row.
table2_baselines_ETTm1_H96_DLinear_lite_omitted,table2_baselines,ETTm1,96,DLinear,,,omitted-lite,,,,,,,,,,,,,,,,,,,,,Full baseline matrix omitted from lite-paper scope; run full-paper for this row.
table2_baselines_ETTm1_H96_PatchMLP_lite_omitted,table2_baselines,ETTm1,96,PatchMLP,,,omitted-lite,,,,,,,,,,,,,,,,,,,,,Full baseline matrix omitted from lite-paper scope; run full-paper for this row.
table2_baselines_ETTm1_H96_TimeMixer_lite_omitted,table2_baselines,ETTm1,96,TimeMixer,,,omitted-lite,,,,,,,,,,,,,,,,,,,,,Full baseline matrix omitted from lite-paper scope; run full-paper for this row.
table2_baselines_ETTm1_H96_TimesNet_lite_omitted,table2_baselines,ETTm1,96,TimesNet,,,omitted-lite,,,,,,,,,,,,,,,,,,,,,Full baseline matrix omitted from lite-paper scope; run full-paper for this row.
table2_baselines_ETTm1_H96_xPatch_lite_omitted,table2_baselines,ETTm1,96,xPatch,,,omitted-lite,,,,,,,,,,,,,,,,,,,,,Full baseline matrix omitted from lite-paper scope; run full-paper for this row.
table2_baselines_ETTm1_H192_DLinear_lite_omitted,table2_baselines,ETTm1,192,DLinear,,,omitted-lite,,,,,,,,,,,,,,,,,,,,,Full baseline matrix omitted from lite-paper scope; run full-paper for this row.
table2_baselines_ETTm1_H192_PatchMLP_lite_omitted,table2_baselines,ETTm1,192,PatchMLP,,,omitted-lite,,,,,,,,,,,,,,,,,,,,,Full baseline matrix omitted from lite-paper scope; run full-paper for this row.
table2_baselines_ETTm1_H192_TimeMixer_lite_omitted,table2_baselines,ETTm1,192,TimeMixer,,,omitted-lite,,,,,,,,,,,,,,,,,,,,,Full baseline matrix omitted from lite-paper scope; run full-paper for this row.
table2_baselines_ETTm1_H192_TimesNet_lite_omitted,table2_baselines,ETTm1,192,TimesNet,,,omitted-lite,,,,,,,,,,,,,,,,,,,,,Full baseline matrix omitted from lite-paper scope; run full-paper for this row.
table2_baselines_ETTm1_H192_xPatch_lite_omitted,table2_baselines,ETTm1,192,xPatch,,,omitted-lite,,,,,,,,,,,,,,,,,,,,,Full baseline matrix omitted from lite-paper scope; run full-paper for this row.
table2_baselines_ETTm1_H336_DLinear_lite_omitted,table2_baselines,ETTm1,336,DLinear,,,omitted-lite,,,,,,,,,,,,,,,,,,,,,Full baseline matrix omitted from lite-paper scope; run full-paper for this row.
table2_baselines_ETTm1_H336_PatchMLP_lite_omitted,table2_baselines,ETTm1,336,PatchMLP,,,omitted-lite,,,,,,,,,,,,,,,,,,,,,Full baseline matrix omitted from lite-paper scope; run full-paper for this row.
table2_baselines_ETTm1_H336_TimeMixer_lite_omitted,table2_baselines,ETTm1,336,TimeMixer,,,omitted-lite,,,,,,,,,,,,,,,,,,,,,Full baseline matrix omitted from lite-paper scope; run full-paper for this row.
table2_baselines_ETTm1_H336_TimesNet_lite_omitted,table2_baselines,ETTm1,336,TimesNet,,,omitted-lite,,,,,,,,,,,,,,,,,,,,,Full baseline matrix omitted from lite-paper scope; run full-paper for this row.
table2_baselines_ETTm1_H336_xPatch_lite_omitted,table2_baselines,ETTm1,336,xPatch,,,omitted-lite,,,,,,,,,,,,,,,,,,,,,Full baseline matrix omitted from lite-paper scope; run full-paper for this row.
table2_baselines_ETTm1_H720_DLinear_lite_omitted,table2_baselines,ETTm1,720,DLinear,,,omitted-lite,,,,,,,,,,,,,,,,,,,,,Full baseline matrix omitted from lite-paper scope; run full-paper for this row.
table2_baselines_ETTm1_H720_PatchMLP_lite_omitted,table2_baselines,ETTm1,720,PatchMLP,,,omitted-lite,,,,,,,,,,,,,,,,,,,,,Full baseline matrix omitted from lite-paper scope; run full-paper for this row.
table2_baselines_ETTm1_H720_TimeMixer_lite_omitted,table2_baselines,ETTm1,720,TimeMixer,,,omitted-lite,,,,,,,,,,,,,,,,,,,,,Full baseline matrix omitted from lite-paper scope; run full-paper for this row.
table2_baselines_ETTm1_H720_TimesNet_lite_omitted,table2_baselines,ETTm1,720,TimesNet,,,omitted-lite,,,,,,,,,,,,,,,,,,,,,Full baseline matrix omitted from lite-paper scope; run full-paper for this row.
table2_baselines_ETTm1_H720_xPatch_lite_omitted,table2_baselines,ETTm1,720,xPatch,,,omitted-lite,,,,,,,,,,,,,,,,,,,,,Full baseline matrix omitted from lite-paper scope; run full-paper for this row.
table2_baselines_ETTm2_H96_DLinear_lite_omitted,table2_baselines,ETTm2,96,DLinear,,,omitted-lite,,,,,,,,,,,,,,,,,,,,,Full baseline matrix omitted from lite-paper scope; run full-paper for this row.
table2_baselines_ETTm2_H96_PatchMLP_lite_omitted,table2_baselines,ETTm2,96,PatchMLP,,,omitted-lite,,,,,,,,,,,,,,,,,,,,,Full baseline matrix omitted from lite-paper scope; run full-paper for this row.
table2_baselines_ETTm2_H96_TimeMixer_lite_omitted,table2_baselines,ETTm2,96,TimeMixer,,,omitted-lite,,,,,,,,,,,,,,,,,,,,,Full baseline matrix omitted from lite-paper scope; run full-paper for this row.
table2_baselines_ETTm2_H96_TimesNet_lite_omitted,table2_baselines,ETTm2,96,TimesNet,,,omitted-lite,,,,,,,,,,,,,,,,,,,,,Full baseline matrix omitted from lite-paper scope; run full-paper for this row.
table2_baselines_ETTm2_H96_xPatch_lite_omitted,table2_baselines,ETTm2,96,xPatch,,,omitted-lite,,,,,,,,,,,,,,,,,,,,,Full baseline matrix omitted from lite-paper scope; run full-paper for this row.
table2_baselines_ETTm2_H192_DLinear_lite_omitted,table2_baselines,ETTm2,192,DLinear,,,omitted-lite,,,,,,,,,,,,,,,,,,,,,Full baseline matrix omitted from lite-paper scope; run full-paper for this row.
table2_baselines_ETTm2_H192_PatchMLP_lite_omitted,table2_baselines,ETTm2,192,PatchMLP,,,omitted-lite,,,,,,,,,,,,,,,,,,,,,Full baseline matrix omitted from lite-paper scope; run full-paper for this row.
table2_baselines_ETTm2_H192_TimeMixer_lite_omitted,table2_baselines,ETTm2,192,TimeMixer,,,omitted-lite,,,,,,,,,,,,,,,,,,,,,Full baseline matrix omitted from lite-paper scope; run full-paper for this row.
table2_baselines_ETTm2_H192_TimesNet_lite_omitted,table2_baselines,ETTm2,192,TimesNet,,,omitted-lite,,,,,,,,,,,,,,,,,,,,,Full baseline matrix omitted from lite-paper scope; run full-paper for this row.
table2_baselines_ETTm2_H192_xPatch_lite_omitted,table2_baselines,ETTm2,192,xPatch,,,omitted-lite,,,,,,,,,,,,,,,,,,,,,Full baseline matrix omitted from lite-paper scope; run full-paper for this row.
table2_baselines_ETTm2_H336_DLinear_lite_omitted,table2_baselines,ETTm2,336,DLinear,,,omitted-lite,,,,,,,,,,,,,,,,,,,,,Full baseline matrix omitted from lite-paper scope; run full-paper for this row.
table2_baselines_ETTm2_H336_PatchMLP_lite_omitted,table2_baselines,ETTm2,336,PatchMLP,,,omitted-lite,,,,,,,,,,,,,,,,,,,,,Full baseline matrix omitted from lite-paper scope; run full-paper for this row.
table2_baselines_ETTm2_H336_TimeMixer_lite_omitted,table2_baselines,ETTm2,336,TimeMixer,,,omitted-lite,,,,,,,,,,,,,,,,,,,,,Full baseline matrix omitted from lite-paper scope; run full-paper for this row.
table2_baselines_ETTm2_H336_TimesNet_lite_omitted,table2_baselines,ETTm2,336,TimesNet,,,omitted-lite,,,,,,,,,,,,,,,,,,,,,Full baseline matrix omitted from lite-paper scope; run full-paper for this row.
table2_baselines_ETTm2_H336_xPatch_lite_omitted,table2_baselines,ETTm2,336,xPatch,,,omitted-lite,,,,,,,,,,,,,,,,,,,,,Full baseline matrix omitted from lite-paper scope; run full-paper for this row.
table2_baselines_ETTm2_H720_DLinear_lite_omitted,table2_baselines,ETTm2,720,DLinear,,,omitted-lite,,,,,,,,,,,,,,,,,,,,,Full baseline matrix omitted from lite-paper scope; run full-paper for this row.
table2_baselines_ETTm2_H720_PatchMLP_lite_omitted,table2_baselines,ETTm2,720,PatchMLP,,,omitted-lite,,,,,,,,,,,,,,,,,,,,,Full baseline matrix omitted from lite-paper scope; run full-paper for this row.
table2_baselines_ETTm2_H720_TimeMixer_lite_omitted,table2_baselines,ETTm2,720,TimeMixer,,,omitted-lite,,,,,,,,,,,,,,,,,,,,,Full baseline matrix omitted from lite-paper scope; run full-paper for this row.
table2_baselines_ETTm2_H720_TimesNet_lite_omitted,table2_baselines,ETTm2,720,TimesNet,,,omitted-lite,,,,,,,,,,,,,,,,,,,,,Full baseline matrix omitted from lite-paper scope; run full-paper for this row.
table2_baselines_ETTm2_H720_xPatch_lite_omitted,table2_baselines,ETTm2,720,xPatch,,,omitted-lite,,,,,,,,,,,,,,,,,,,,,Full baseline matrix omitted from lite-paper scope; run full-paper for this row.
table2_srsnet_ETTh1_H96_SRSNet_s2021,table2_srsnet,ETTh1,96,SRSNet,2021,,completed,,,0.366,0.394,,,64,"mse_norm/mae_norm after model inverse_transform, normalized by the evaluator train split scaler",,,,,,,,baa402d317a7dfc4,baa402d317a7dfc4,8416456685ab7154,8416456685ab7154,/home/ubuntu/SRSNet/result/repro/lite-paper/table2_srsnet/table2_srsnet_ETTh1_H96_SRSNet_s2021/test_report.1778738869.4e2bb402-a76f-432c-8ae1-e63613e38412-7dd7fd5db6-zgn69.203625.csv,
table2_srsnet_ETTh1_H192_SRSNet_s2021,table2_srsnet,ETTh1,192,SRSNet,2021,,completed,,,0.4,0.415,,,64,"mse_norm/mae_norm after model inverse_transform, normalized by the evaluator train split scaler",,,,,,,,94dd76afe0e1c1db,94dd76afe0e1c1db,29e246229e0024f3,29e246229e0024f3,/home/ubuntu/SRSNet/result/repro/lite-paper/table2_srsnet/table2_srsnet_ETTh1_H192_SRSNet_s2021/test_report.1778738876.4e2bb402-a76f-432c-8ae1-e63613e38412-7dd7fd5db6-zgn69.203626.csv,
table2_srsnet_ETTh1_H336_SRSNet_s2021,table2_srsnet,ETTh1,336,SRSNet,2021,,completed,,,0.424,0.43,,,64,"mse_norm/mae_norm after model inverse_transform, normalized by the evaluator train split scaler",,,,,,,,d265ae3be7b7720e,d265ae3be7b7720e,8108e2be409a3449,8108e2be409a3449,/home/ubuntu/SRSNet/result/repro/lite-paper/table2_srsnet/table2_srsnet_ETTh1_H336_SRSNet_s2021/test_report.1778738878.4e2bb402-a76f-432c-8ae1-e63613e38412-7dd7fd5db6-zgn69.203627.csv,
table2_srsnet_ETTh1_H720_SRSNet_s2021,table2_srsnet,ETTh1,720,SRSNet,2021,,completed,,,0.426,0.455,,,64,"mse_norm/mae_norm after model inverse_transform, normalized by the evaluator train split scaler",,,,,,,,6cf3f24f8245e252,6cf3f24f8245e252,6f0bd1cf3bbb4de0,6f0bd1cf3bbb4de0,/home/ubuntu/SRSNet/result/repro/lite-paper/table2_srsnet/table2_srsnet_ETTh1_H720_SRSNet_s2021/test_report.1778738846.4e2bb402-a76f-432c-8ae1-e63613e38412-7dd7fd5db6-zgn69.203628.csv,
table2_srsnet_ETTh2_H96_SRSNet_s2021,table2_srsnet,ETTh2,96,SRSNet,2021,,completed,,,0.271,0.338,,,64,"mse_norm/mae_norm after model inverse_transform, normalized by the evaluator train split scaler",,,,,,,,548b73b4f4a73765,548b73b4f4a73765,629d23796a3f300f,629d23796a3f300f,/home/ubuntu/SRSNet/result/repro/lite-paper/table2_srsnet/table2_srsnet_ETTh2_H96_SRSNet_s2021/test_report.1778738948.4e2bb402-a76f-432c-8ae1-e63613e38412-7dd7fd5db6-zgn69.203704.csv,
table2_srsnet_ETTh2_H192_SRSNet_s2021,table2_srsnet,ETTh2,192,SRSNet,2021,,completed,,,0.335,0.379,,,64,"mse_norm/mae_norm after model inverse_transform, normalized by the evaluator train split scaler",,,,,,,,f15c367b329a2886,f15c367b329a2886,9166215461adf699,9166215461adf699,/home/ubuntu/SRSNet/result/repro/lite-paper/table2_srsnet/table2_srsnet_ETTh2_H192_SRSNet_s2021/test_report.1778738955.4e2bb402-a76f-432c-8ae1-e63613e38412-7dd7fd5db6-zgn69.203725.csv,
table2_srsnet_ETTh2_H336_SRSNet_s2021,table2_srsnet,ETTh2,336,SRSNet,2021,,completed,,,0.323,0.381,,,64,"mse_norm/mae_norm after model inverse_transform, normalized by the evaluator train split scaler",,,,,,,,3c2cf11184d52e5a,3c2cf11184d52e5a,565cc3566310aa44,565cc3566310aa44,/home/ubuntu/SRSNet/result/repro/lite-paper/table2_srsnet/table2_srsnet_ETTh2_H336_SRSNet_s2021/test_report.1778739002.4e2bb402-a76f-432c-8ae1-e63613e38412-7dd7fd5db6-zgn69.203742.csv,
table2_srsnet_ETTh2_H720_SRSNet_s2021,table2_srsnet,ETTh2,720,SRSNet,2021,,completed,,,0.399,0.441,,,64,"mse_norm/mae_norm after model inverse_transform, normalized by the evaluator train split scaler",,,,,,,,2ca023754364bb8f,2ca023754364bb8f,3e333544641d30c2,3e333544641d30c2,/home/ubuntu/SRSNet/result/repro/lite-paper/table2_srsnet/table2_srsnet_ETTh2_H720_SRSNet_s2021/test_report.1778738955.4e2bb402-a76f-432c-8ae1-e63613e38412-7dd7fd5db6-zgn69.203744.csv,
table2_srsnet_ETTm1_H96_SRSNet_s2021,table2_srsnet,ETTm1,96,SRSNet,2021,,completed,,,0.288,0.341,,,64,"mse_norm/mae_norm after model inverse_transform, normalized by the evaluator train split scaler",,,,,,,,d915118812c67ee1,d915118812c67ee1,7ddd70507d636c49,7ddd70507d636c49,/home/ubuntu/SRSNet/result/repro/lite-paper/table2_srsnet/table2_srsnet_ETTm1_H96_SRSNet_s2021/test_report.1778739170.4e2bb402-a76f-432c-8ae1-e63613e38412-7dd7fd5db6-zgn69.203815.csv,
table2_srsnet_ETTm1_H192_SRSNet_s2021,table2_srsnet,ETTm1,192,SRSNet,2021,,completed,,,0.329,0.367,,,64,"mse_norm/mae_norm after model inverse_transform, normalized by the evaluator train split scaler",,,,,,,,7e655917e0f2f0e5,7e655917e0f2f0e5,ac2448a7ae849bc7,ac2448a7ae849bc7,/home/ubuntu/SRSNet/result/repro/lite-paper/table2_srsnet/table2_srsnet_ETTm1_H192_SRSNet_s2021/test_report.1778739218.4e2bb402-a76f-432c-8ae1-e63613e38412-7dd7fd5db6-zgn69.203831.csv,
table2_srsnet_ETTm1_H336_SRSNet_s2021,table2_srsnet,ETTm1,336,SRSNet,2021,,completed,,,0.365,0.387,,,64,"mse_norm/mae_norm after model inverse_transform, normalized by the evaluator train split scaler",,,,,,,,c48a59a1d6435a7d,c48a59a1d6435a7d,e3c0c4a300280a34,e3c0c4a300280a34,/home/ubuntu/SRSNet/result/repro/lite-paper/table2_srsnet/table2_srsnet_ETTm1_H336_SRSNet_s2021/test_report.1778739225.4e2bb402-a76f-432c-8ae1-e63613e38412-7dd7fd5db6-zgn69.203832.csv,
table2_srsnet_ETTm1_H720_SRSNet_s2021,table2_srsnet,ETTm1,720,SRSNet,2021,,completed,,,0.421,0.418,,,64,"mse_norm/mae_norm after model inverse_transform, normalized by the evaluator train split scaler",,,,,,,,d2c678d50419445e,d2c678d50419445e,d0ab6a947786686b,d0ab6a947786686b,/home/ubuntu/SRSNet/result/repro/lite-paper/table2_srsnet/table2_srsnet_ETTm1_H720_SRSNet_s2021/test_report.1778739275.4e2bb402-a76f-432c-8ae1-e63613e38412-7dd7fd5db6-zgn69.203873.csv,
table2_srsnet_ETTm2_H96_SRSNet_s2021,table2_srsnet,ETTm2,96,SRSNet,2021,,completed,,,0.164,0.254,,,64,"mse_norm/mae_norm after model inverse_transform, normalized by the evaluator train split scaler",,,,,,,,3131b38d77e283a9,3131b38d77e283a9,970ed18e6710d6f1,970ed18e6710d6f1,/home/ubuntu/SRSNet/result/repro/lite-paper/table2_srsnet/table2_srsnet_ETTm2_H96_SRSNet_s2021/test_report.1778739661.4e2bb402-a76f-432c-8ae1-e63613e38412-7dd7fd5db6-zgn69.203964.csv,
table2_srsnet_ETTm2_H192_SRSNet_s2021,table2_srsnet,ETTm2,192,SRSNet,2021,,completed,,,0.22,0.291,,,64,"mse_norm/mae_norm after model inverse_transform, normalized by the evaluator train split scaler",,,,,,,,f8c8e2618f7e12e2,f8c8e2618f7e12e2,e45057566330acc7,e45057566330acc7,/home/ubuntu/SRSNet/result/repro/lite-paper/table2_srsnet/table2_srsnet_ETTm2_H192_SRSNet_s2021/test_report.1778739526.4e2bb402-a76f-432c-8ae1-e63613e38412-7dd7fd5db6-zgn69.204002.csv,
table2_srsnet_ETTm2_H336_SRSNet_s2021,table2_srsnet,ETTm2,336,SRSNet,2021,,completed,,,0.273,0.327,,,64,"mse_norm/mae_norm after model inverse_transform, normalized by the evaluator train split scaler",,,,,,,,cae0f5bb30495182,cae0f5bb30495182,ce185088a4501340,ce185088a4501340,/home/ubuntu/SRSNet/result/repro/lite-paper/table2_srsnet/table2_srsnet_ETTm2_H336_SRSNet_s2021/test_report.1778739475.4e2bb402-a76f-432c-8ae1-e63613e38412-7dd7fd5db6-zgn69.204018.csv,
table2_srsnet_ETTm2_H720_SRSNet_s2021,table2_srsnet,ETTm2,720,SRSNet,2021,,completed,,,0.35,0.383,,,64,"mse_norm/mae_norm after model inverse_transform, normalized by the evaluator train split scaler",,,,,,,,74a551aac5570904,74a551aac5570904,6dbae33f3f4a450e,6dbae33f3f4a450e,/home/ubuntu/SRSNet/result/repro/lite-paper/table2_srsnet/table2_srsnet_ETTm2_H720_SRSNet_s2021/test_report.1778739595.4e2bb402-a76f-432c-8ae1-e63613e38412-7dd7fd5db6-zgn69.204057.csv,
table3_plugin_ETTh1_H96_PatchMLP_s2021,table3_plugin,ETTh1,96,PatchMLP,2021,,completed,,,,,,,64,"mse_norm/mae_norm after model inverse_transform, normalized by the evaluator train split scaler",,,,,,,,14616eaee7ceaa96,14616eaee7ceaa96,9a92bed1b14fefe1,9a92bed1b14fefe1,/home/ubuntu/SRSNet/result/repro/lite-paper/table3_plugin/table3_plugin_ETTh1_H96_PatchMLP_s2021/test_report.1778741465.4e2bb402-a76f-432c-8ae1-e63613e38412-7dd7fd5db6-zgn69.205782.csv,
table3_plugin_ETTh1_H96_PatchTST_s2021,table3_plugin,ETTh1,96,PatchTST,2021,,completed,,,,,,,64,"mse_norm/mae_norm after model inverse_transform, normalized by the evaluator train split scaler",,,,,,,,a38594b534beab21,a38594b534beab21,5ac57ad214ff1086,5ac57ad214ff1086,/home/ubuntu/SRSNet/result/repro/lite-paper/table3_plugin/table3_plugin_ETTh1_H96_PatchTST_s2021/test_report.1778741400.4e2bb402-a76f-432c-8ae1-e63613e38412-7dd7fd5db6-zgn69.205708.csv,
table3_plugin_ETTh1_H96_SRSNet_s2021,table3_plugin,ETTh1,96,SRSNet,2021,,completed,,,0.366,0.394,,,64,"mse_norm/mae_norm after model inverse_transform, normalized by the evaluator train split scaler",,,,,,,,64f8f04903b1610b,64f8f04903b1610b,8416456685ab7154,8416456685ab7154,/home/ubuntu/SRSNet/result/repro/lite-paper/table3_plugin/table3_plugin_ETTh1_H96_SRSNet_s2021/test_report.1778741309.4e2bb402-a76f-432c-8ae1-e63613e38412-7dd7fd5db6-zgn69.205544.csv,
table3_plugin_ETTh1_H96_SRSNet_NoSRS_s2021,table3_plugin,ETTh1,96,SRSNet_NoSRS,2021,,completed,,,,,,,64,"mse_norm/mae_norm after model inverse_transform, normalized by the evaluator train split scaler",,,,,,,,c6ad40c171abc9fd,c6ad40c171abc9fd,22fd2a0184883632,22fd2a0184883632,/home/ubuntu/SRSNet/result/repro/lite-paper/table3_plugin/table3_plugin_ETTh1_H96_SRSNet_NoSRS_s2021/test_report.1778741350.4e2bb402-a76f-432c-8ae1-e63613e38412-7dd7fd5db6-zgn69.205628.csv,
table3_plugin_ETTh1_H96_SRSPlusPatchMLP_lite_omitted,table3_plugin,ETTh1,96,SRSPlusPatchMLP,,,omitted-lite,,,,,,,,,,,,,,,,,,,,,Heavy plug-in row omitted from lite-paper scope; run full-paper for this row.
table3_plugin_ETTh1_H96_SRSPlusPatchTST_lite_omitted,table3_plugin,ETTh1,96,SRSPlusPatchTST,,,omitted-lite,,,,,,,,,,,,,,,,,,,,,Heavy plug-in row omitted from lite-paper scope; run full-paper for this row.
table3_plugin_ETTh1_H96_SRSPlusxPatch_lite_omitted,table3_plugin,ETTh1,96,SRSPlusxPatch,,,omitted-lite,,,,,,,,,,,,,,,,,,,,,Heavy plug-in row omitted from lite-paper scope; run full-paper for this row.
table3_plugin_ETTh1_H96_xPatch_s2021,table3_plugin,ETTh1,96,xPatch,2021,,completed,,,,,,,64,"mse_norm/mae_norm after model inverse_transform, normalized by the evaluator train split scaler",,,,,,,,6e3f42d84a65abb2,6e3f42d84a65abb2,4142176796c7a18e,4142176796c7a18e,/home/ubuntu/SRSNet/result/repro/lite-paper/table3_plugin/table3_plugin_ETTh1_H96_xPatch_s2021/test_report.1778741477.4e2bb402-a76f-432c-8ae1-e63613e38412-7dd7fd5db6-zgn69.205866.csv,
table3_plugin_ETTh1_H192_PatchMLP_s2021,table3_plugin,ETTh1,192,PatchMLP,2021,,completed,,,,,,,64,"mse_norm/mae_norm after model inverse_transform, normalized by the evaluator train split scaler",,,,,,,,3c14931dbb72269f,3c14931dbb72269f,8025dd9d990d7acf,8025dd9d990d7acf,/home/ubuntu/SRSNet/result/repro/lite-paper/table3_plugin/table3_plugin_ETTh1_H192_PatchMLP_s2021/test_report.1778741470.4e2bb402-a76f-432c-8ae1-e63613e38412-7dd7fd5db6-zgn69.205817.csv,
table3_plugin_ETTh1_H192_PatchTST_s2021,table3_plugin,ETTh1,192,PatchTST,2021,,completed,,,,,,,64,"mse_norm/mae_norm after model inverse_transform, normalized by the evaluator train split scaler",,,,,,,,bcb01278aa6eadb4,bcb01278aa6eadb4,d7be8dd3f192a445,d7be8dd3f192a445,/home/ubuntu/SRSNet/result/repro/lite-paper/table3_plugin/table3_plugin_ETTh1_H192_PatchTST_s2021/test_report.1778741434.4e2bb402-a76f-432c-8ae1-e63613e38412-7dd7fd5db6-zgn69.205731.csv,
table3_plugin_ETTh1_H192_SRSNet_s2021,table3_plugin,ETTh1,192,SRSNet,2021,,completed,,,0.4,0.415,,,64,"mse_norm/mae_norm after model inverse_transform, normalized by the evaluator train split scaler",,,,,,,,63e8955f8c899e73,63e8955f8c899e73,29e246229e0024f3,29e246229e0024f3,/home/ubuntu/SRSNet/result/repro/lite-paper/table3_plugin/table3_plugin_ETTh1_H192_SRSNet_s2021/test_report.1778741313.4e2bb402-a76f-432c-8ae1-e63613e38412-7dd7fd5db6-zgn69.205558.csv,
table3_plugin_ETTh1_H192_SRSNet_NoSRS_s2021,table3_plugin,ETTh1,192,SRSNet_NoSRS,2021,,completed,,,,,,,64,"mse_norm/mae_norm after model inverse_transform, normalized by the evaluator train split scaler",,,,,,,,6851fd3ecdb7df43,6851fd3ecdb7df43,e2d1d0b296cd7f39,e2d1d0b296cd7f39,/home/ubuntu/SRSNet/result/repro/lite-paper/table3_plugin/table3_plugin_ETTh1_H192_SRSNet_NoSRS_s2021/test_report.1778741370.4e2bb402-a76f-432c-8ae1-e63613e38412-7dd7fd5db6-zgn69.205631.csv,
table3_plugin_ETTh1_H192_SRSPlusPatchMLP_lite_omitted,table3_plugin,ETTh1,192,SRSPlusPatchMLP,,,omitted-lite,,,,,,,,,,,,,,,,,,,,,Heavy plug-in row omitted from lite-paper scope; run full-paper for this row.
table3_plugin_ETTh1_H192_SRSPlusPatchTST_lite_omitted,table3_plugin,ETTh1,192,SRSPlusPatchTST,,,omitted-lite,,,,,,,,,,,,,,,,,,,,,Heavy plug-in row omitted from lite-paper scope; run full-paper for this row.
table3_plugin_ETTh1_H192_SRSPlusxPatch_lite_omitted,table3_plugin,ETTh1,192,SRSPlusxPatch,,,omitted-lite,,,,,,,,,,,,,,,,,,,,,Heavy plug-in row omitted from lite-paper scope; run full-paper for this row.
table3_plugin_ETTh1_H192_xPatch_s2021,table3_plugin,ETTh1,192,xPatch,2021,,completed,,,,,,,64,"mse_norm/mae_norm after model inverse_transform, normalized by the evaluator train split scaler",,,,,,,,8fec72e58a387a9d,8fec72e58a387a9d,3040f7170bfbef53,3040f7170bfbef53,/home/ubuntu/SRSNet/result/repro/lite-paper/table3_plugin/table3_plugin_ETTh1_H192_xPatch_s2021/test_report.1778741477.4e2bb402-a76f-432c-8ae1-e63613e38412-7dd7fd5db6-zgn69.205891.csv,
table3_plugin_ETTh1_H336_PatchMLP_s2021,table3_plugin,ETTh1,336,PatchMLP,2021,,completed,,,,,,,64,"mse_norm/mae_norm after model inverse_transform, normalized by the evaluator train split scaler",,,,,,,,25d51ff1ce50da57,25d51ff1ce50da57,2a22f1969eef20bd,2a22f1969eef20bd,/home/ubuntu/SRSNet/result/repro/lite-paper/table3_plugin/table3_plugin_ETTh1_H336_PatchMLP_s2021/test_report.1778741479.4e2bb402-a76f-432c-8ae1-e63613e38412-7dd7fd5db6-zgn69.205832.csv,
table3_plugin_ETTh1_H336_PatchTST_s2021,table3_plugin,ETTh1,336,PatchTST,2021,,completed,,,,,,,64,"mse_norm/mae_norm after model inverse_transform, normalized by the evaluator train split scaler",,,,,,,,41f38304b7f79ec6,41f38304b7f79ec6,c38999a8d68ea799,c38999a8d68ea799,/home/ubuntu/SRSNet/result/repro/lite-paper/table3_plugin/table3_plugin_ETTh1_H336_PatchTST_s2021/test_report.1778741449.4e2bb402-a76f-432c-8ae1-e63613e38412-7dd7fd5db6-zgn69.205748.csv,
table3_plugin_ETTh1_H336_SRSNet_s2021,table3_plugin,ETTh1,336,SRSNet,2021,,completed,,,0.424,0.43,,,64,"mse_norm/mae_norm after model inverse_transform, normalized by the evaluator train split scaler",,,,,,,,d3bcd56327e5a8fc,d3bcd56327e5a8fc,8108e2be409a3449,8108e2be409a3449,/home/ubuntu/SRSNet/result/repro/lite-paper/table3_plugin/table3_plugin_ETTh1_H336_SRSNet_s2021/test_report.1778741343.4e2bb402-a76f-432c-8ae1-e63613e38412-7dd7fd5db6-zgn69.205574.csv,
table3_plugin_ETTh1_H336_SRSNet_NoSRS_s2021,table3_plugin,ETTh1,336,SRSNet_NoSRS,2021,,completed,,,,,,,64,"mse_norm/mae_norm after model inverse_transform, normalized by the evaluator train split scaler",,,,,,,,f36375d1c52166c0,f36375d1c52166c0,867c2cc6cfe438c6,867c2cc6cfe438c6,/home/ubuntu/SRSNet/result/repro/lite-paper/table3_plugin/table3_plugin_ETTh1_H336_SRSNet_NoSRS_s2021/test_report.1778741386.4e2bb402-a76f-432c-8ae1-e63613e38412-7dd7fd5db6-zgn69.205665.csv,
table3_plugin_ETTh1_H336_SRSPlusPatchMLP_lite_omitted,table3_plugin,ETTh1,336,SRSPlusPatchMLP,,,omitted-lite,,,,,,,,,,,,,,,,,,,,,Heavy plug-in row omitted from lite-paper scope; run full-paper for this row.
table3_plugin_ETTh1_H336_SRSPlusPatchTST_lite_omitted,table3_plugin,ETTh1,336,SRSPlusPatchTST,,,omitted-lite,,,,,,,,,,,,,,,,,,,,,Heavy plug-in row omitted from lite-paper scope; run full-paper for this row.
table3_plugin_ETTh1_H336_SRSPlusxPatch_lite_omitted,table3_plugin,ETTh1,336,SRSPlusxPatch,,,omitted-lite,,,,,,,,,,,,,,,,,,,,,Heavy plug-in row omitted from lite-paper scope; run full-paper for this row.
table3_plugin_ETTh1_H336_xPatch_s2021,table3_plugin,ETTh1,336,xPatch,2021,,completed,,,,,,,64,"mse_norm/mae_norm after model inverse_transform, normalized by the evaluator train split scaler",,,,,,,,68b5c798172c1351,68b5c798172c1351,55a951ec0eb4afe8,55a951ec0eb4afe8,/home/ubuntu/SRSNet/result/repro/lite-paper/table3_plugin/table3_plugin_ETTh1_H336_xPatch_s2021/test_report.1778741485.4e2bb402-a76f-432c-8ae1-e63613e38412-7dd7fd5db6-zgn69.206150.csv,
table3_plugin_ETTh1_H720_PatchMLP_s2021,table3_plugin,ETTh1,720,PatchMLP,2021,,completed,,,,,,,64,"mse_norm/mae_norm after model inverse_transform, normalized by the evaluator train split scaler",,,,,,,,a93909174d876ca3,a93909174d876ca3,e357cec761f725d2,e357cec761f725d2,/home/ubuntu/SRSNet/result/repro/lite-paper/table3_plugin/table3_plugin_ETTh1_H720_PatchMLP_s2021/test_report.1778741486.4e2bb402-a76f-432c-8ae1-e63613e38412-7dd7fd5db6-zgn69.205846.csv,
table3_plugin_ETTh1_H720_PatchTST_s2021,table3_plugin,ETTh1,720,PatchTST,2021,,completed,,,,,,,64,"mse_norm/mae_norm after model inverse_transform, normalized by the evaluator train split scaler",,,,,,,,03485cd5a1332ab8,03485cd5a1332ab8,1d87319a2f597f4f,1d87319a2f597f4f,/home/ubuntu/SRSNet/result/repro/lite-paper/table3_plugin/table3_plugin_ETTh1_H720_PatchTST_s2021/test_report.1778741443.4e2bb402-a76f-432c-8ae1-e63613e38412-7dd7fd5db6-zgn69.205765.csv,
table3_plugin_ETTh1_H720_SRSNet_s2021,table3_plugin,ETTh1,720,SRSNet,2021,,completed,,,0.426,0.455,,,64,"mse_norm/mae_norm after model inverse_transform, normalized by the evaluator train split scaler",,,,,,,,018c99cd3a0e7011,018c99cd3a0e7011,6f0bd1cf3bbb4de0,6f0bd1cf3bbb4de0,/home/ubuntu/SRSNet/result/repro/lite-paper/table3_plugin/table3_plugin_ETTh1_H720_SRSNet_s2021/test_report.1778741341.4e2bb402-a76f-432c-8ae1-e63613e38412-7dd7fd5db6-zgn69.205609.csv,
table3_plugin_ETTh1_H720_SRSNet_NoSRS_s2021,table3_plugin,ETTh1,720,SRSNet_NoSRS,2021,,completed,,,,,,,64,"mse_norm/mae_norm after model inverse_transform, normalized by the evaluator train split scaler",,,,,,,,f03fbdaf97f17d4d,f03fbdaf97f17d4d,7373a7f1cc45a424,7373a7f1cc45a424,/home/ubuntu/SRSNet/result/repro/lite-paper/table3_plugin/table3_plugin_ETTh1_H720_SRSNet_NoSRS_s2021/test_report.1778741379.4e2bb402-a76f-432c-8ae1-e63613e38412-7dd7fd5db6-zgn69.205666.csv,
table3_plugin_ETTh1_H720_SRSPlusPatchMLP_lite_omitted,table3_plugin,ETTh1,720,SRSPlusPatchMLP,,,omitted-lite,,,,,,,,,,,,,,,,,,,,,Heavy plug-in row omitted from lite-paper scope; run full-paper for this row.
table3_plugin_ETTh1_H720_SRSPlusPatchTST_lite_omitted,table3_plugin,ETTh1,720,SRSPlusPatchTST,,,omitted-lite,,,,,,,,,,,,,,,,,,,,,Heavy plug-in row omitted from lite-paper scope; run full-paper for this row.
table3_plugin_ETTh1_H720_SRSPlusxPatch_lite_omitted,table3_plugin,ETTh1,720,SRSPlusxPatch,,,omitted-lite,,,,,,,,,,,,,,,,,,,,,Heavy plug-in row omitted from lite-paper scope; run full-paper for this row.
table3_plugin_ETTh1_H720_xPatch_s2021,table3_plugin,ETTh1,720,xPatch,2021,,completed,,,,,,,64,"mse_norm/mae_norm after model inverse_transform, normalized by the evaluator train split scaler",,,,,,,,4a2adad705fb7464,4a2adad705fb7464,ab4ea98508483b03,ab4ea98508483b03,/home/ubuntu/SRSNet/result/repro/lite-paper/table3_plugin/table3_plugin_ETTh1_H720_xPatch_s2021/test_report.1778741484.4e2bb402-a76f-432c-8ae1-e63613e38412-7dd7fd5db6-zgn69.206151.csv,
table3_plugin_ETTm2_H96_PatchMLP_s2021,table3_plugin,ETTm2,96,PatchMLP,2021,,completed,,,,,,,64,"mse_norm/mae_norm after model inverse_transform, normalized by the evaluator train split scaler",,,,,,,,6975a7f71477f701,6975a7f71477f701,80b47014795767b5,80b47014795767b5,/home/ubuntu/SRSNet/result/repro/lite-paper/table3_plugin/table3_plugin_ETTm2_H96_PatchMLP_s2021/test_report.1778742360.4e2bb402-a76f-432c-8ae1-e63613e38412-7dd7fd5db6-zgn69.206796.csv,
table3_plugin_ETTm2_H96_PatchTST_s2021,table3_plugin,ETTm2,96,PatchTST,2021,,completed,,,,,,,64,"mse_norm/mae_norm after model inverse_transform, normalized by the evaluator train split scaler",,,,,,,,8a38dfddd3bc18da,8a38dfddd3bc18da,4d53c3201ec34d91,4d53c3201ec34d91,/home/ubuntu/SRSNet/result/repro/lite-paper/table3_plugin/table3_plugin_ETTm2_H96_PatchTST_s2021/test_report.1778742166.4e2bb402-a76f-432c-8ae1-e63613e38412-7dd7fd5db6-zgn69.206638.csv,
table3_plugin_ETTm2_H96_SRSNet_s2021,table3_plugin,ETTm2,96,SRSNet,2021,,completed,,,0.164,0.254,,,64,"mse_norm/mae_norm after model inverse_transform, normalized by the evaluator train split scaler",,,,,,,,e233d553937a1927,e233d553937a1927,970ed18e6710d6f1,970ed18e6710d6f1,/home/ubuntu/SRSNet/result/repro/lite-paper/table3_plugin/table3_plugin_ETTm2_H96_SRSNet_s2021/test_report.1778742368.4e2bb402-a76f-432c-8ae1-e63613e38412-7dd7fd5db6-zgn69.206154.csv,
table3_plugin_ETTm2_H96_SRSNet_NoSRS_s2021,table3_plugin,ETTm2,96,SRSNet_NoSRS,2021,,completed,,,,,,,64,"mse_norm/mae_norm after model inverse_transform, normalized by the evaluator train split scaler",,,,,,,,4b8cb2b1fbf375c1,4b8cb2b1fbf375c1,7be95393e6109239,7be95393e6109239,/home/ubuntu/SRSNet/result/repro/lite-paper/table3_plugin/table3_plugin_ETTm2_H96_SRSNet_NoSRS_s2021/test_report.1778741959.4e2bb402-a76f-432c-8ae1-e63613e38412-7dd7fd5db6-zgn69.206458.csv,
table3_plugin_ETTm2_H96_SRSPlusPatchMLP_lite_omitted,table3_plugin,ETTm2,96,SRSPlusPatchMLP,,,omitted-lite,,,,,,,,,,,,,,,,,,,,,Heavy plug-in row omitted from lite-paper scope; run full-paper for this row.
table3_plugin_ETTm2_H96_SRSPlusPatchTST_lite_omitted,table3_plugin,ETTm2,96,SRSPlusPatchTST,,,omitted-lite,,,,,,,,,,,,,,,,,,,,,Heavy plug-in row omitted from lite-paper scope; run full-paper for this row.
table3_plugin_ETTm2_H96_SRSPlusxPatch_lite_omitted,table3_plugin,ETTm2,96,SRSPlusxPatch,,,omitted-lite,,,,,,,,,,,,,,,,,,,,,Heavy plug-in row omitted from lite-paper scope; run full-paper for this row.
table3_plugin_ETTm2_H96_xPatch_s2021,table3_plugin,ETTm2,96,xPatch,2021,,completed,,,,,,,64,"mse_norm/mae_norm after model inverse_transform, normalized by the evaluator train split scaler",,,,,,,,899d1e59d9c0fb35,899d1e59d9c0fb35,eaea5e8c88097f3a,eaea5e8c88097f3a,/home/ubuntu/SRSNet/result/repro/lite-paper/table3_plugin/table3_plugin_ETTm2_H96_xPatch_s2021/test_report.1778742485.4e2bb402-a76f-432c-8ae1-e63613e38412-7dd7fd5db6-zgn69.206931.csv,
table3_plugin_ETTm2_H192_PatchMLP_s2021,table3_plugin,ETTm2,192,PatchMLP,2021,,completed,,,,,,,64,"mse_norm/mae_norm after model inverse_transform, normalized by the evaluator train split scaler",,,,,,,,a9e7c361315fd886,a9e7c361315fd886,b1520331aaf73a51,b1520331aaf73a51,/home/ubuntu/SRSNet/result/repro/lite-paper/table3_plugin/table3_plugin_ETTm2_H192_PatchMLP_s2021/test_report.1778742478.4e2bb402-a76f-432c-8ae1-e63613e38412-7dd7fd5db6-zgn69.206864.csv,
table3_plugin_ETTm2_H192_PatchTST_s2021,table3_plugin,ETTm2,192,PatchTST,2021,,completed,,,,,,,64,"mse_norm/mae_norm after model inverse_transform, normalized by the evaluator train split scaler",,,,,,,,80bc6421a0cd087f,80bc6421a0cd087f,e44e910064134817,e44e910064134817,/home/ubuntu/SRSNet/result/repro/lite-paper/table3_plugin/table3_plugin_ETTm2_H192_PatchTST_s2021/test_report.1778742184.4e2bb402-a76f-432c-8ae1-e63613e38412-7dd7fd5db6-zgn69.206674.csv,
table3_plugin_ETTm2_H192_SRSNet_s2021,table3_plugin,ETTm2,192,SRSNet,2021,,completed,,,0.22,0.291,,,64,"mse_norm/mae_norm after model inverse_transform, normalized by the evaluator train split scaler",,,,,,,,02323140c46efda1,02323140c46efda1,e45057566330acc7,e45057566330acc7,/home/ubuntu/SRSNet/result/repro/lite-paper/table3_plugin/table3_plugin_ETTm2_H192_SRSNet_s2021/test_report.1778741766.4e2bb402-a76f-432c-8ae1-e63613e38412-7dd7fd5db6-zgn69.206299.csv,
table3_plugin_ETTm2_H192_SRSNet_NoSRS_s2021,table3_plugin,ETTm2,192,SRSNet_NoSRS,2021,,completed,,,,,,,64,"mse_norm/mae_norm after model inverse_transform, normalized by the evaluator train split scaler",,,,,,,,3cf4eae9e7b1b8e2,3cf4eae9e7b1b8e2,b47bf1e6f18abf58,b47bf1e6f18abf58,/home/ubuntu/SRSNet/result/repro/lite-paper/table3_plugin/table3_plugin_ETTm2_H192_SRSNet_NoSRS_s2021/test_report.1778741993.4e2bb402-a76f-432c-8ae1-e63613e38412-7dd7fd5db6-zgn69.206491.csv,
table3_plugin_ETTm2_H192_SRSPlusPatchMLP_lite_omitted,table3_plugin,ETTm2,192,SRSPlusPatchMLP,,,omitted-lite,,,,,,,,,,,,,,,,,,,,,Heavy plug-in row omitted from lite-paper scope; run full-paper for this row.
table3_plugin_ETTm2_H192_SRSPlusPatchTST_lite_omitted,table3_plugin,ETTm2,192,SRSPlusPatchTST,,,omitted-lite,,,,,,,,,,,,,,,,,,,,,Heavy plug-in row omitted from lite-paper scope; run full-paper for this row.
table3_plugin_ETTm2_H192_SRSPlusxPatch_lite_omitted,table3_plugin,ETTm2,192,SRSPlusxPatch,,,omitted-lite,,,,,,,,,,,,,,,,,,,,,Heavy plug-in row omitted from lite-paper scope; run full-paper for this row.
table3_plugin_ETTm2_H192_xPatch_s2021,table3_plugin,ETTm2,192,xPatch,2021,,completed,,,,,,,64,"mse_norm/mae_norm after model inverse_transform, normalized by the evaluator train split scaler",,,,,,,,bea9f6c3fc20bebb,bea9f6c3fc20bebb,1e74a31044f00190,1e74a31044f00190,/home/ubuntu/SRSNet/result/repro/lite-paper/table3_plugin/table3_plugin_ETTm2_H192_xPatch_s2021/test_report.1778742485.4e2bb402-a76f-432c-8ae1-e63613e38412-7dd7fd5db6-zgn69.207882.csv,
table3_plugin_ETTm2_H336_PatchMLP_s2021,table3_plugin,ETTm2,336,PatchMLP,2021,,completed,,,,,,,64,"mse_norm/mae_norm after model inverse_transform, normalized by the evaluator train split scaler",,,,,,,,93b970b946bf785a,93b970b946bf785a,121c479ad68afcc5,121c479ad68afcc5,/home/ubuntu/SRSNet/result/repro/lite-paper/table3_plugin/table3_plugin_ETTm2_H336_PatchMLP_s2021/test_report.1778742556.4e2bb402-a76f-432c-8ae1-e63613e38412-7dd7fd5db6-zgn69.206873.csv,
table3_plugin_ETTm2_H336_PatchTST_s2021,table3_plugin,ETTm2,336,PatchTST,2021,,completed,,,,,,,64,"mse_norm/mae_norm after model inverse_transform, normalized by the evaluator train split scaler",,,,,,,,31088719dcd49f32,31088719dcd49f32,d6b64e497f8aef32,d6b64e497f8aef32,/home/ubuntu/SRSNet/result/repro/lite-paper/table3_plugin/table3_plugin_ETTm2_H336_PatchTST_s2021/test_report.1778742330.4e2bb402-a76f-432c-8ae1-e63613e38412-7dd7fd5db6-zgn69.206745.csv,
table3_plugin_ETTm2_H336_SRSNet_s2021,table3_plugin,ETTm2,336,SRSNet,2021,,completed,,,0.273,0.327,,,64,"mse_norm/mae_norm after model inverse_transform, normalized by the evaluator train split scaler",,,,,,,,912040725dc8fcfd,912040725dc8fcfd,ce185088a4501340,ce185088a4501340,/home/ubuntu/SRSNet/result/repro/lite-paper/table3_plugin/table3_plugin_ETTm2_H336_SRSNet_s2021/test_report.1778741752.4e2bb402-a76f-432c-8ae1-e63613e38412-7dd7fd5db6-zgn69.206304.csv,
table3_plugin_ETTm2_H336_SRSNet_NoSRS_s2021,table3_plugin,ETTm2,336,SRSNet_NoSRS,2021,,completed,,,,,,,64,"mse_norm/mae_norm after model inverse_transform, normalized by the evaluator train split scaler",,,,,,,,90e0e2f4d160467e,90e0e2f4d160467e,82c278ee4ebf30b0,82c278ee4ebf30b0,/home/ubuntu/SRSNet/result/repro/lite-paper/table3_plugin/table3_plugin_ETTm2_H336_SRSNet_NoSRS_s2021/test_report.1778742028.4e2bb402-a76f-432c-8ae1-e63613e38412-7dd7fd5db6-zgn69.206534.csv,
table3_plugin_ETTm2_H336_SRSPlusPatchMLP_lite_omitted,table3_plugin,ETTm2,336,SRSPlusPatchMLP,,,omitted-lite,,,,,,,,,,,,,,,,,,,,,Heavy plug-in row omitted from lite-paper scope; run full-paper for this row.
table3_plugin_ETTm2_H336_SRSPlusPatchTST_lite_omitted,table3_plugin,ETTm2,336,SRSPlusPatchTST,,,omitted-lite,,,,,,,,,,,,,,,,,,,,,Heavy plug-in row omitted from lite-paper scope; run full-paper for this row.
table3_plugin_ETTm2_H336_SRSPlusxPatch_lite_omitted,table3_plugin,ETTm2,336,SRSPlusxPatch,,,omitted-lite,,,,,,,,,,,,,,,,,,,,,Heavy plug-in row omitted from lite-paper scope; run full-paper for this row.
table3_plugin_ETTm2_H336_xPatch_s2021,table3_plugin,ETTm2,336,xPatch,2021,,completed,,,,,,,64,"mse_norm/mae_norm after model inverse_transform, normalized by the evaluator train split scaler",,,,,,,,4fef1e8979ffb937,4fef1e8979ffb937,4a20c2fa866b2d8c,4a20c2fa866b2d8c,/home/ubuntu/SRSNet/result/repro/lite-paper/table3_plugin/table3_plugin_ETTm2_H336_xPatch_s2021/test_report.1778742493.4e2bb402-a76f-432c-8ae1-e63613e38412-7dd7fd5db6-zgn69.207962.csv,
table3_plugin_ETTm2_H720_PatchMLP_s2021,table3_plugin,ETTm2,720,PatchMLP,2021,,completed,,,,,,,64,"mse_norm/mae_norm after model inverse_transform, normalized by the evaluator train split scaler",,,,,,,,8c490447c9e60dd2,8c490447c9e60dd2,fbf7960aadc5a047,fbf7960aadc5a047,/home/ubuntu/SRSNet/result/repro/lite-paper/table3_plugin/table3_plugin_ETTm2_H720_PatchMLP_s2021/test_report.1778742520.4e2bb402-a76f-432c-8ae1-e63613e38412-7dd7fd5db6-zgn69.206901.csv,
table3_plugin_ETTm2_H720_PatchTST_s2021,table3_plugin,ETTm2,720,PatchTST,2021,,completed,,,,,,,64,"mse_norm/mae_norm after model inverse_transform, normalized by the evaluator train split scaler",,,,,,,,f3eda36b8a192706,f3eda36b8a192706,9dcd6783994e9c30,9dcd6783994e9c30,/home/ubuntu/SRSNet/result/repro/lite-paper/table3_plugin/table3_plugin_ETTm2_H720_PatchTST_s2021/test_report.1778742333.4e2bb402-a76f-432c-8ae1-e63613e38412-7dd7fd5db6-zgn69.206763.csv,
table3_plugin_ETTm2_H720_SRSNet_s2021,table3_plugin,ETTm2,720,SRSNet,2021,,completed,,,0.35,0.383,,,64,"mse_norm/mae_norm after model inverse_transform, normalized by the evaluator train split scaler",,,,,,,,973b20f396c95f85,973b20f396c95f85,6dbae33f3f4a450e,6dbae33f3f4a450e,/home/ubuntu/SRSNet/result/repro/lite-paper/table3_plugin/table3_plugin_ETTm2_H720_SRSNet_s2021/test_report.1778741836.4e2bb402-a76f-432c-8ae1-e63613e38412-7dd7fd5db6-zgn69.206357.csv,
table3_plugin_ETTm2_H720_SRSNet_NoSRS_s2021,table3_plugin,ETTm2,720,SRSNet_NoSRS,2021,,completed,,,,,,,64,"mse_norm/mae_norm after model inverse_transform, normalized by the evaluator train split scaler",,,,,,,,43d733d18eda1168,43d733d18eda1168,43e64a25fb714b94,43e64a25fb714b94,/home/ubuntu/SRSNet/result/repro/lite-paper/table3_plugin/table3_plugin_ETTm2_H720_SRSNet_NoSRS_s2021/test_report.1778742201.4e2bb402-a76f-432c-8ae1-e63613e38412-7dd7fd5db6-zgn69.206616.csv,
table3_plugin_ETTm2_H720_SRSPlusPatchMLP_lite_omitted,table3_plugin,ETTm2,720,SRSPlusPatchMLP,,,omitted-lite,,,,,,,,,,,,,,,,,,,,,Heavy plug-in row omitted from lite-paper scope; run full-paper for this row.
table3_plugin_ETTm2_H720_SRSPlusPatchTST_lite_omitted,table3_plugin,ETTm2,720,SRSPlusPatchTST,,,omitted-lite,,,,,,,,,,,,,,,,,,,,,Heavy plug-in row omitted from lite-paper scope; run full-paper for this row.
table3_plugin_ETTm2_H720_SRSPlusxPatch_lite_omitted,table3_plugin,ETTm2,720,SRSPlusxPatch,,,omitted-lite,,,,,,,,,,,,,,,,,,,,,Heavy plug-in row omitted from lite-paper scope; run full-paper for this row.
table3_plugin_ETTm2_H720_xPatch_s2021,table3_plugin,ETTm2,720,xPatch,2021,,completed,,,,,,,64,"mse_norm/mae_norm after model inverse_transform, normalized by the evaluator train split scaler",,,,,,,,d86af1db5219a8b9,d86af1db5219a8b9,0c969866c9d4296a,0c969866c9d4296a,/home/ubuntu/SRSNet/result/repro/lite-paper/table3_plugin/table3_plugin_ETTm2_H720_xPatch_s2021/test_report.1778742494.4e2bb402-a76f-432c-8ae1-e63613e38412-7dd7fd5db6-zgn69.207963.csv,
table4_ablation_ETTh1_H96_SRSNet_s2021,table4_ablation,ETTh1,96,SRSNet,2021,,completed,,,0.366,0.394,,,64,"mse_norm/mae_norm after model inverse_transform, normalized by the evaluator train split scaler",,,,,,,,a5396b8778dc8fe1,a5396b8778dc8fe1,8416456685ab7154,8416456685ab7154,/home/ubuntu/SRSNet/result/repro/lite-paper/table4_ablation/table4_ablation_ETTh1_H96_SRSNet_s2021/test_report.1778739544.4e2bb402-a76f-432c-8ae1-e63613e38412-7dd7fd5db6-zgn69.204154.csv,
table4_ablation_ETTh1_H96_SRSNet_NoAF_s2021,table4_ablation,ETTh1,96,SRSNet_NoAF,2021,,completed,,,,,,,64,"mse_norm/mae_norm after model inverse_transform, normalized by the evaluator train split scaler",,,,,,,,6e6f058a5055998d,6e6f058a5055998d,0322fdd3510f4591,0322fdd3510f4591,/home/ubuntu/SRSNet/result/repro/lite-paper/table4_ablation/table4_ablation_ETTh1_H96_SRSNet_NoAF_s2021/test_report.1778740202.4e2bb402-a76f-432c-8ae1-e63613e38412-7dd7fd5db6-zgn69.204756.csv,
table4_ablation_ETTh1_H96_SRSNet_NoDR_s2021,table4_ablation,ETTh1,96,SRSNet_NoDR,2021,,completed,,,,,,,64,"mse_norm/mae_norm after model inverse_transform, normalized by the evaluator train split scaler",,,,,,,,cd70a7fbe2c1c45c,cd70a7fbe2c1c45c,e1317f97037b44c1,e1317f97037b44c1,/home/ubuntu/SRSNet/result/repro/lite-paper/table4_ablation/table4_ablation_ETTh1_H96_SRSNet_NoDR_s2021/test_report.1778740157.4e2bb402-a76f-432c-8ae1-e63613e38412-7dd7fd5db6-zgn69.204672.csv,
table4_ablation_ETTh1_H96_SRSNet_NoSP_s2021,table4_ablation,ETTh1,96,SRSNet_NoSP,2021,,completed,,,,,,,64,"mse_norm/mae_norm after model inverse_transform, normalized by the evaluator train split scaler",,,,,,,,27fd486c62c45881,27fd486c62c45881,78d55b36e534d880,78d55b36e534d880,/home/ubuntu/SRSNet/result/repro/lite-paper/table4_ablation/table4_ablation_ETTh1_H96_SRSNet_NoSP_s2021/test_report.1778740094.4e2bb402-a76f-432c-8ae1-e63613e38412-7dd7fd5db6-zgn69.204588.csv,
table4_ablation_ETTh1_H96_SRSNet_NoSRS_s2021,table4_ablation,ETTh1,96,SRSNet_NoSRS,2021,,completed,,,,,,,64,"mse_norm/mae_norm after model inverse_transform, normalized by the evaluator train split scaler",,,,,,,,28f59ae48f1fce18,28f59ae48f1fce18,22fd2a0184883632,22fd2a0184883632,/home/ubuntu/SRSNet/result/repro/lite-paper/table4_ablation/table4_ablation_ETTh1_H96_SRSNet_NoSRS_s2021/test_report.1778740019.4e2bb402-a76f-432c-8ae1-e63613e38412-7dd7fd5db6-zgn69.204502.csv,
table4_ablation_ETTh1_H192_SRSNet_s2021,table4_ablation,ETTh1,192,SRSNet,2021,,completed,,,0.4,0.415,,,64,"mse_norm/mae_norm after model inverse_transform, normalized by the evaluator train split scaler",,,,,,,,5e923a4b91e2481f,5e923a4b91e2481f,29e246229e0024f3,29e246229e0024f3,/home/ubuntu/SRSNet/result/repro/lite-paper/table4_ablation/table4_ablation_ETTh1_H192_SRSNet_s2021/test_report.1778739674.4e2bb402-a76f-432c-8ae1-e63613e38412-7dd7fd5db6-zgn69.204192.csv,
table4_ablation_ETTh1_H192_SRSNet_NoAF_s2021,table4_ablation,ETTh1,192,SRSNet_NoAF,2021,,completed,,,,,,,64,"mse_norm/mae_norm after model inverse_transform, normalized by the evaluator train split scaler",,,,,,,,de4b10b801672c7a,de4b10b801672c7a,6cd392644c035ada,6cd392644c035ada,/home/ubuntu/SRSNet/result/repro/lite-paper/table4_ablation/table4_ablation_ETTh1_H192_SRSNet_NoAF_s2021/test_report.1778740240.4e2bb402-a76f-432c-8ae1-e63613e38412-7dd7fd5db6-zgn69.204779.csv,
table4_ablation_ETTh1_H192_SRSNet_NoDR_s2021,table4_ablation,ETTh1,192,SRSNet_NoDR,2021,,completed,,,,,,,64,"mse_norm/mae_norm after model inverse_transform, normalized by the evaluator train split scaler",,,,,,,,950f4e6f6a03038d,950f4e6f6a03038d,969fdadb83f731bf,969fdadb83f731bf,/home/ubuntu/SRSNet/result/repro/lite-paper/table4_ablation/table4_ablation_ETTh1_H192_SRSNet_NoDR_s2021/test_report.1778740193.4e2bb402-a76f-432c-8ae1-e63613e38412-7dd7fd5db6-zgn69.204687.csv,
table4_ablation_ETTh1_H192_SRSNet_NoSP_s2021,table4_ablation,ETTh1,192,SRSNet_NoSP,2021,,completed,,,,,,,64,"mse_norm/mae_norm after model inverse_transform, normalized by the evaluator train split scaler",,,,,,,,885970b15e5bfc38,885970b15e5bfc38,9f8c4a31ea5ea1ba,9f8c4a31ea5ea1ba,/home/ubuntu/SRSNet/result/repro/lite-paper/table4_ablation/table4_ablation_ETTh1_H192_SRSNet_NoSP_s2021/test_report.1778740127.4e2bb402-a76f-432c-8ae1-e63613e38412-7dd7fd5db6-zgn69.204605.csv,
table4_ablation_ETTh1_H192_SRSNet_NoSRS_s2021,table4_ablation,ETTh1,192,SRSNet_NoSRS,2021,,completed,,,,,,,64,"mse_norm/mae_norm after model inverse_transform, normalized by the evaluator train split scaler",,,,,,,,a924e158d9a5a751,a924e158d9a5a751,e2d1d0b296cd7f39,e2d1d0b296cd7f39,/home/ubuntu/SRSNet/result/repro/lite-paper/table4_ablation/table4_ablation_ETTh1_H192_SRSNet_NoSRS_s2021/test_report.1778740057.4e2bb402-a76f-432c-8ae1-e63613e38412-7dd7fd5db6-zgn69.204520.csv,
table4_ablation_ETTh1_H336_SRSNet_s2021,table4_ablation,ETTh1,336,SRSNet,2021,,completed,,,0.424,0.43,,,64,"mse_norm/mae_norm after model inverse_transform, normalized by the evaluator train split scaler",,,,,,,,c516d6e8bb977c96,c516d6e8bb977c96,8108e2be409a3449,8108e2be409a3449,/home/ubuntu/SRSNet/result/repro/lite-paper/table4_ablation/table4_ablation_ETTh1_H336_SRSNet_s2021/test_report.1778739620.4e2bb402-a76f-432c-8ae1-e63613e38412-7dd7fd5db6-zgn69.204210.csv,
table4_ablation_ETTh1_H336_SRSNet_NoAF_s2021,table4_ablation,ETTh1,336,SRSNet_NoAF,2021,,completed,,,,,,,64,"mse_norm/mae_norm after model inverse_transform, normalized by the evaluator train split scaler",,,,,,,,f77b990627c14ade,f77b990627c14ade,bc4754def87f2cd8,bc4754def87f2cd8,/home/ubuntu/SRSNet/result/repro/lite-paper/table4_ablation/table4_ablation_ETTh1_H336_SRSNet_NoAF_s2021/test_report.1778740252.4e2bb402-a76f-432c-8ae1-e63613e38412-7dd7fd5db6-zgn69.204795.csv,
table4_ablation_ETTh1_H336_SRSNet_NoDR_s2021,table4_ablation,ETTh1,336,SRSNet_NoDR,2021,,completed,,,,,,,64,"mse_norm/mae_norm after model inverse_transform, normalized by the evaluator train split scaler",,,,,,,,b25f78e44bd405f5,b25f78e44bd405f5,93139c5042a58947,93139c5042a58947,/home/ubuntu/SRSNet/result/repro/lite-paper/table4_ablation/table4_ablation_ETTh1_H336_SRSNet_NoDR_s2021/test_report.1778740185.4e2bb402-a76f-432c-8ae1-e63613e38412-7dd7fd5db6-zgn69.204706.csv,
table4_ablation_ETTh1_H336_SRSNet_NoSP_s2021,table4_ablation,ETTh1,336,SRSNet_NoSP,2021,,completed,,,,,,,64,"mse_norm/mae_norm after model inverse_transform, normalized by the evaluator train split scaler",,,,,,,,98de2d2fc3d0dd88,98de2d2fc3d0dd88,c43723b94eb156ff,c43723b94eb156ff,/home/ubuntu/SRSNet/result/repro/lite-paper/table4_ablation/table4_ablation_ETTh1_H336_SRSNet_NoSP_s2021/test_report.1778740108.4e2bb402-a76f-432c-8ae1-e63613e38412-7dd7fd5db6-zgn69.204607.csv,
table4_ablation_ETTh1_H336_SRSNet_NoSRS_s2021,table4_ablation,ETTh1,336,SRSNet_NoSRS,2021,,completed,,,,,,,64,"mse_norm/mae_norm after model inverse_transform, normalized by the evaluator train split scaler",,,,,,,,cc60a3d24bf1e01c,cc60a3d24bf1e01c,867c2cc6cfe438c6,867c2cc6cfe438c6,/home/ubuntu/SRSNet/result/repro/lite-paper/table4_ablation/table4_ablation_ETTh1_H336_SRSNet_NoSRS_s2021/test_report.1778740046.4e2bb402-a76f-432c-8ae1-e63613e38412-7dd7fd5db6-zgn69.204522.csv,
table4_ablation_ETTh1_H720_SRSNet_s2021,table4_ablation,ETTh1,720,SRSNet,2021,,completed,,,0.426,0.455,,,64,"mse_norm/mae_norm after model inverse_transform, normalized by the evaluator train split scaler",,,,,,,,bfcd961c10291014,bfcd961c10291014,6f0bd1cf3bbb4de0,6f0bd1cf3bbb4de0,/home/ubuntu/SRSNet/result/repro/lite-paper/table4_ablation/table4_ablation_ETTh1_H720_SRSNet_s2021/test_report.1778739635.4e2bb402-a76f-432c-8ae1-e63613e38412-7dd7fd5db6-zgn69.204250.csv,
table4_ablation_ETTh1_H720_SRSNet_NoAF_s2021,table4_ablation,ETTh1,720,SRSNet_NoAF,2021,,completed,,,,,,,64,"mse_norm/mae_norm after model inverse_transform, normalized by the evaluator train split scaler",,,,,,,,89f84b1499b8333a,89f84b1499b8333a,568f49415ff337e0,568f49415ff337e0,/home/ubuntu/SRSNet/result/repro/lite-paper/table4_ablation/table4_ablation_ETTh1_H720_SRSNet_NoAF_s2021/test_report.1778740243.4e2bb402-a76f-432c-8ae1-e63613e38412-7dd7fd5db6-zgn69.204797.csv,
table4_ablation_ETTh1_H720_SRSNet_NoDR_s2021,table4_ablation,ETTh1,720,SRSNet_NoDR,2021,,completed,,,,,,,64,"mse_norm/mae_norm after model inverse_transform, normalized by the evaluator train split scaler",,,,,,,,60035a36cb74b6ba,60035a36cb74b6ba,1aa68775489f7f5f,1aa68775489f7f5f,/home/ubuntu/SRSNet/result/repro/lite-paper/table4_ablation/table4_ablation_ETTh1_H720_SRSNet_NoDR_s2021/test_report.1778740194.4e2bb402-a76f-432c-8ae1-e63613e38412-7dd7fd5db6-zgn69.204722.csv,
table4_ablation_ETTh1_H720_SRSNet_NoSP_s2021,table4_ablation,ETTh1,720,SRSNet_NoSP,2021,,completed,,,,,,,64,"mse_norm/mae_norm after model inverse_transform, normalized by the evaluator train split scaler",,,,,,,,dd1cf346920751e3,dd1cf346920751e3,5f72ad68e216e92a,5f72ad68e216e92a,/home/ubuntu/SRSNet/result/repro/lite-paper/table4_ablation/table4_ablation_ETTh1_H720_SRSNet_NoSP_s2021/test_report.1778740135.4e2bb402-a76f-432c-8ae1-e63613e38412-7dd7fd5db6-zgn69.204656.csv,
table4_ablation_ETTh1_H720_SRSNet_NoSRS_s2021,table4_ablation,ETTh1,720,SRSNet_NoSRS,2021,,completed,,,,,,,64,"mse_norm/mae_norm after model inverse_transform, normalized by the evaluator train split scaler",,,,,,,,88de9757bb1d7235,88de9757bb1d7235,7373a7f1cc45a424,7373a7f1cc45a424,/home/ubuntu/SRSNet/result/repro/lite-paper/table4_ablation/table4_ablation_ETTh1_H720_SRSNet_NoSRS_s2021/test_report.1778740055.4e2bb402-a76f-432c-8ae1-e63613e38412-7dd7fd5db6-zgn69.204553.csv,
table4_ablation_ETTm2_H96_SRSNet_s2021,table4_ablation,ETTm2,96,SRSNet,2021,,completed,,,0.164,0.254,,,64,"mse_norm/mae_norm after model inverse_transform, normalized by the evaluator train split scaler",,,,,,,,b208855486ebf227,b208855486ebf227,970ed18e6710d6f1,970ed18e6710d6f1,/home/ubuntu/SRSNet/result/repro/lite-paper/table4_ablation/table4_ablation_ETTm2_H96_SRSNet_s2021/test_report.1778740117.4e2bb402-a76f-432c-8ae1-e63613e38412-7dd7fd5db6-zgn69.204282.csv,
table4_ablation_ETTm2_H96_SRSNet_NoAF_s2021,table4_ablation,ETTm2,96,SRSNet_NoAF,2021,,completed,,,,,,,64,"mse_norm/mae_norm after model inverse_transform, normalized by the evaluator train split scaler",,,,,,,,46e5e86331a4a60d,46e5e86331a4a60d,2a64c087fe14c126,2a64c087fe14c126,/home/ubuntu/SRSNet/result/repro/lite-paper/table4_ablation/table4_ablation_ETTm2_H96_SRSNet_NoAF_s2021/test_report.1778741300.4e2bb402-a76f-432c-8ae1-e63613e38412-7dd7fd5db6-zgn69.205335.csv,
table4_ablation_ETTm2_H96_SRSNet_NoDR_s2021,table4_ablation,ETTm2,96,SRSNet_NoDR,2021,,completed,,,,,,,64,"mse_norm/mae_norm after model inverse_transform, normalized by the evaluator train split scaler",,,,,,,,96b408dffd0044ed,96b408dffd0044ed,6503f71690588442,6503f71690588442,/home/ubuntu/SRSNet/result/repro/lite-paper/table4_ablation/table4_ablation_ETTm2_H96_SRSNet_NoDR_s2021/test_report.1778740979.4e2bb402-a76f-432c-8ae1-e63613e38412-7dd7fd5db6-zgn69.205156.csv,
table4_ablation_ETTm2_H96_SRSNet_NoSP_s2021,table4_ablation,ETTm2,96,SRSNet_NoSP,2021,,completed,,,,,,,64,"mse_norm/mae_norm after model inverse_transform, normalized by the evaluator train split scaler",,,,,,,,b01dce8234d7a72e,b01dce8234d7a72e,30db1655ee4aebb6,30db1655ee4aebb6,/home/ubuntu/SRSNet/result/repro/lite-paper/table4_ablation/table4_ablation_ETTm2_H96_SRSNet_NoSP_s2021/test_report.1778740680.4e2bb402-a76f-432c-8ae1-e63613e38412-7dd7fd5db6-zgn69.204987.csv,
table4_ablation_ETTm2_H96_SRSNet_NoSRS_s2021,table4_ablation,ETTm2,96,SRSNet_NoSRS,2021,,completed,,,,,,,64,"mse_norm/mae_norm after model inverse_transform, normalized by the evaluator train split scaler",,,,,,,,8e5d16ccc23dfcef,8e5d16ccc23dfcef,7be95393e6109239,7be95393e6109239,/home/ubuntu/SRSNet/result/repro/lite-paper/table4_ablation/table4_ablation_ETTm2_H96_SRSNet_NoSRS_s2021/test_report.1778740411.4e2bb402-a76f-432c-8ae1-e63613e38412-7dd7fd5db6-zgn69.204825.csv,
table4_ablation_ETTm2_H192_SRSNet_s2021,table4_ablation,ETTm2,192,SRSNet,2021,,completed,,,0.22,0.291,,,64,"mse_norm/mae_norm after model inverse_transform, normalized by the evaluator train split scaler",,,,,,,,f049af2e1237c4f4,f049af2e1237c4f4,e45057566330acc7,e45057566330acc7,/home/ubuntu/SRSNet/result/repro/lite-paper/table4_ablation/table4_ablation_ETTm2_H192_SRSNet_s2021/test_report.1778740004.4e2bb402-a76f-432c-8ae1-e63613e38412-7dd7fd5db6-zgn69.204302.csv,
table4_ablation_ETTm2_H192_SRSNet_NoAF_s2021,table4_ablation,ETTm2,192,SRSNet_NoAF,2021,,completed,,,,,,,64,"mse_norm/mae_norm after model inverse_transform, normalized by the evaluator train split scaler",,,,,,,,93f4e509fcec8697,93f4e509fcec8697,624820905ce8b4c3,624820905ce8b4c3,/home/ubuntu/SRSNet/result/repro/lite-paper/table4_ablation/table4_ablation_ETTm2_H192_SRSNet_NoAF_s2021/test_report.1778741266.4e2bb402-a76f-432c-8ae1-e63613e38412-7dd7fd5db6-zgn69.205366.csv,
table4_ablation_ETTm2_H192_SRSNet_NoDR_s2021,table4_ablation,ETTm2,192,SRSNet_NoDR,2021,,completed,,,,,,,64,"mse_norm/mae_norm after model inverse_transform, normalized by the evaluator train split scaler",,,,,,,,89e897eacc3c187c,89e897eacc3c187c,02391cf46f7da01e,02391cf46f7da01e,/home/ubuntu/SRSNet/result/repro/lite-paper/table4_ablation/table4_ablation_ETTm2_H192_SRSNet_NoDR_s2021/test_report.1778740925.4e2bb402-a76f-432c-8ae1-e63613e38412-7dd7fd5db6-zgn69.205191.csv,
table4_ablation_ETTm2_H192_SRSNet_NoSP_s2021,table4_ablation,ETTm2,192,SRSNet_NoSP,2021,,completed,,,,,,,64,"mse_norm/mae_norm after model inverse_transform, normalized by the evaluator train split scaler",,,,,,,,fb774e57c41303dc,fb774e57c41303dc,0559848c0b59c323,0559848c0b59c323,/home/ubuntu/SRSNet/result/repro/lite-paper/table4_ablation/table4_ablation_ETTm2_H192_SRSNet_NoSP_s2021/test_report.1778740707.4e2bb402-a76f-432c-8ae1-e63613e38412-7dd7fd5db6-zgn69.205023.csv,
table4_ablation_ETTm2_H192_SRSNet_NoSRS_s2021,table4_ablation,ETTm2,192,SRSNet_NoSRS,2021,,completed,,,,,,,64,"mse_norm/mae_norm after model inverse_transform, normalized by the evaluator train split scaler",,,,,,,,69754cd5694eb0b7,69754cd5694eb0b7,b47bf1e6f18abf58,b47bf1e6f18abf58,/home/ubuntu/SRSNet/result/repro/lite-paper/table4_ablation/table4_ablation_ETTm2_H192_SRSNet_NoSRS_s2021/test_report.1778740467.4e2bb402-a76f-432c-8ae1-e63613e38412-7dd7fd5db6-zgn69.204865.csv,
table4_ablation_ETTm2_H336_SRSNet_s2021,table4_ablation,ETTm2,336,SRSNet,2021,,completed,,,0.273,0.327,,,64,"mse_norm/mae_norm after model inverse_transform, normalized by the evaluator train split scaler",,,,,,,,b0e03442bf74fefe,b0e03442bf74fefe,ce185088a4501340,ce185088a4501340,/home/ubuntu/SRSNet/result/repro/lite-paper/table4_ablation/table4_ablation_ETTm2_H336_SRSNet_s2021/test_report.1778739979.4e2bb402-a76f-432c-8ae1-e63613e38412-7dd7fd5db6-zgn69.204323.csv,
table4_ablation_ETTm2_H336_SRSNet_NoAF_s2021,table4_ablation,ETTm2,336,SRSNet_NoAF,2021,,completed,,,,,,,64,"mse_norm/mae_norm after model inverse_transform, normalized by the evaluator train split scaler",,,,,,,,a961616087dd173c,a961616087dd173c,cdb23d188ac6e061,cdb23d188ac6e061,/home/ubuntu/SRSNet/result/repro/lite-paper/table4_ablation/table4_ablation_ETTm2_H336_SRSNet_NoAF_s2021/test_report.1778741254.4e2bb402-a76f-432c-8ae1-e63613e38412-7dd7fd5db6-zgn69.205390.csv,
table4_ablation_ETTm2_H336_SRSNet_NoDR_s2021,table4_ablation,ETTm2,336,SRSNet_NoDR,2021,,completed,,,,,,,64,"mse_norm/mae_norm after model inverse_transform, normalized by the evaluator train split scaler",,,,,,,,70f0b5925e1ff061,70f0b5925e1ff061,66fa0658e5da66f8,66fa0658e5da66f8,/home/ubuntu/SRSNet/result/repro/lite-paper/table4_ablation/table4_ablation_ETTm2_H336_SRSNet_NoDR_s2021/test_report.1778740934.4e2bb402-a76f-432c-8ae1-e63613e38412-7dd7fd5db6-zgn69.205209.csv,
table4_ablation_ETTm2_H336_SRSNet_NoSP_s2021,table4_ablation,ETTm2,336,SRSNet_NoSP,2021,,completed,,,,,,,64,"mse_norm/mae_norm after model inverse_transform, normalized by the evaluator train split scaler",,,,,,,,b18224dbac45541b,b18224dbac45541b,64110a5af3afec1d,64110a5af3afec1d,/home/ubuntu/SRSNet/result/repro/lite-paper/table4_ablation/table4_ablation_ETTm2_H336_SRSNet_NoSP_s2021/test_report.1778740725.4e2bb402-a76f-432c-8ae1-e63613e38412-7dd7fd5db6-zgn69.205042.csv,
table4_ablation_ETTm2_H336_SRSNet_NoSRS_s2021,table4_ablation,ETTm2,336,SRSNet_NoSRS,2021,,completed,,,,,,,64,"mse_norm/mae_norm after model inverse_transform, normalized by the evaluator train split scaler",,,,,,,,e2519290a1cfd77c,e2519290a1cfd77c,82c278ee4ebf30b0,82c278ee4ebf30b0,/home/ubuntu/SRSNet/result/repro/lite-paper/table4_ablation/table4_ablation_ETTm2_H336_SRSNet_NoSRS_s2021/test_report.1778740450.4e2bb402-a76f-432c-8ae1-e63613e38412-7dd7fd5db6-zgn69.204868.csv,
table4_ablation_ETTm2_H720_SRSNet_s2021,table4_ablation,ETTm2,720,SRSNet,2021,,completed,,,0.35,0.383,,,64,"mse_norm/mae_norm after model inverse_transform, normalized by the evaluator train split scaler",,,,,,,,17411eabafd0a17d,17411eabafd0a17d,6dbae33f3f4a450e,6dbae33f3f4a450e,/home/ubuntu/SRSNet/result/repro/lite-paper/table4_ablation/table4_ablation_ETTm2_H720_SRSNet_s2021/test_report.1778740002.4e2bb402-a76f-432c-8ae1-e63613e38412-7dd7fd5db6-zgn69.204356.csv,
table4_ablation_ETTm2_H720_SRSNet_NoAF_s2021,table4_ablation,ETTm2,720,SRSNet_NoAF,2021,,completed,,,,,,,64,"mse_norm/mae_norm after model inverse_transform, normalized by the evaluator train split scaler",,,,,,,,5b318dbb9a7499df,5b318dbb9a7499df,1ef89ff64a88021d,1ef89ff64a88021d,/home/ubuntu/SRSNet/result/repro/lite-paper/table4_ablation/table4_ablation_ETTm2_H720_SRSNet_NoAF_s2021/test_report.1778741245.4e2bb402-a76f-432c-8ae1-e63613e38412-7dd7fd5db6-zgn69.205422.csv,
table4_ablation_ETTm2_H720_SRSNet_NoDR_s2021,table4_ablation,ETTm2,720,SRSNet_NoDR,2021,,completed,,,,,,,64,"mse_norm/mae_norm after model inverse_transform, normalized by the evaluator train split scaler",,,,,,,,a817a45a81ebffa2,a817a45a81ebffa2,4a210a309e314a3d,4a210a309e314a3d,/home/ubuntu/SRSNet/result/repro/lite-paper/table4_ablation/table4_ablation_ETTm2_H720_SRSNet_NoDR_s2021/test_report.1778740991.4e2bb402-a76f-432c-8ae1-e63613e38412-7dd7fd5db6-zgn69.205249.csv,
table4_ablation_ETTm2_H720_SRSNet_NoSP_s2021,table4_ablation,ETTm2,720,SRSNet_NoSP,2021,,completed,,,,,,,64,"mse_norm/mae_norm after model inverse_transform, normalized by the evaluator train split scaler",,,,,,,,3efd7731bb506b40,3efd7731bb506b40,1a0d4745da80d86c,1a0d4745da80d86c,/home/ubuntu/SRSNet/result/repro/lite-paper/table4_ablation/table4_ablation_ETTm2_H720_SRSNet_NoSP_s2021/test_report.1778740778.4e2bb402-a76f-432c-8ae1-e63613e38412-7dd7fd5db6-zgn69.205062.csv,
table4_ablation_ETTm2_H720_SRSNet_NoSRS_s2021,table4_ablation,ETTm2,720,SRSNet_NoSRS,2021,,completed,,,,,,,64,"mse_norm/mae_norm after model inverse_transform, normalized by the evaluator train split scaler",,,,,,,,a8561f93ef566725,a8561f93ef566725,43e64a25fb714b94,43e64a25fb714b94,/home/ubuntu/SRSNet/result/repro/lite-paper/table4_ablation/table4_ablation_ETTm2_H720_SRSNet_NoSRS_s2021/test_report.1778740491.4e2bb402-a76f-432c-8ae1-e63613e38412-7dd7fd5db6-zgn69.204898.csv,
table5_efficiency_ETTh1_DLinear,table5_efficiency,ETTh1,720,DLinear,,512,omitted-lite,,,,,,,,,,,,,,,,,,,,,Efficiency benchmark omitted from lite-paper scope.
table5_efficiency_ETTh1_PatchTST,table5_efficiency,ETTh1,720,PatchTST,,512,omitted-lite,,,,,,,,,,,,,,,,,,,,,Efficiency benchmark omitted from lite-paper scope.
table5_efficiency_ETTh1_SRSNet,table5_efficiency,ETTh1,720,SRSNet,,512,omitted-lite,,,0.426,0.455,,,,,,,,,,,,,,,,,Efficiency benchmark omitted from lite-paper scope.
table5_efficiency_ETTh1_TimesNet,table5_efficiency,ETTh1,720,TimesNet,,512,omitted-lite,,,,,,,,,,,,,,,,,,,,,Efficiency benchmark omitted from lite-paper scope.
table6_efficiency_ETTh1_PatchTST,table6_efficiency,ETTh1,720,PatchTST,,512,omitted-lite,,,,,,,,,,,,,,,,,,,,,Efficiency benchmark omitted from lite-paper scope.
table6_efficiency_ETTh1_SRSPlusPatchTST,table6_efficiency,ETTh1,720,SRSPlusPatchTST,,512,omitted-lite,,,,,,,,,,,,,,,,,,,,,Efficiency benchmark omitted from lite-paper scope.
